{
    "author": "熊能 <yidao620@gmail.com>",
    "description": "scrapy简明指南",
    "generator": "site",
    "language": "zh-hans",
    "links": {
        "sidebar": {
            "我的博客": "https://www.xncoding.com"
        }
    },
    "pdf": {
        "fontSize": 12,
        "footerTemplate": null,
        "headerTemplate": null,
        "margin": {
            "bottom": 36,
            "left": 62,
            "right": 62,
            "top": 36
        },
        "pageNumbers": false,
        "paperSize": "a4"
    },
    "plugins": [ "theme-gestalt", "-theme-default", "styles-sass-fix", "multipart", "toggle-chapters", "disqus" ],
    "pluginsConfig": {
        "theme-gestalt": {
            "logo": "/core-scrapy/assets/logo.png",
            "favicon": "/core-scrapy/assets/favicon.png",
            "excludeDefaultStyles": true
        },
        "disqus": {
            "shortName": "yidao620cgithubio"
        }
    },
    "styles": {
        "website": "./styles/website.scss"
    },
    "title": "Scrapy Cookbook2",
    "variables": {}
}
